run,series,peak_disp_mm,peak_force_kN,envelope_slope_kN_per_mm
21,US-1 (Test 9),16.368,33.838,0.355
21,US-2 (Test 12),10.113,36.921,0.833
21,model sum(m a),21.540,36.564,1.151
21,model cstav,21.540,17.542,0.446
22,US-1 (Test 9),3.647,20.327,5.164
22,US-2 (Test 12),2.385,21.191,8.245
22,model sum(m a),8.110,30.037,3.207
22,model cstav,8.110,11.065,1.004
23,US-1 (Test 9),13.154,27.041,1.318
23,US-2 (Test 12),5.264,27.865,3.577
23,model sum(m a),28.567,40.056,0.941
23,model cstav,28.567,22.745,0.224
24,US-1 (Test 9),29.483,29.500,0.312
24,US-2 (Test 12),7.581,29.990,2.380
24,model sum(m a),32.094,63.950,0.710
24,model cstav,32.094,27.084,0.158
