run,record,scale,d_hist_mm,two_stage,T_A_s,SdA_mm,VampA_mps,PGA_A_g,T_B_s,SdB_mm,VampB_mps,PGA_B_g,gap_s,cap_note,peak_edp_mm,join_step_g,SdA_total_mm,SdB_total_mm,period_source,edp_source,damping_mode,damping_cmd,large_strain,base_save,case_id
1,HU12,0.5,0.0,1,0.11,0.483,0.01347,0.0773,0.24,0.926,0.01153,0.0307,0.0,fixed_periods,0.791,0.047,0.654,1.044,bilinear/model (pos; K1 5.16 kN/mm; mu 3.72; m_eff 1635),rel_disp_top_exp_mm,none,,off,Part_I_MASON_v8_SmallStrain.sav,R2_SS_NODAMP
2,HU12,0.75,0.791,1,0.11,0.725,0.0202,0.116,0.24,1.389,0.0173,0.046,0.0,fixed_periods,2.473,0.07,0.981,1.566,bilinear/model (pos; K1 5.16 kN/mm; mu 3.72; m_eff 1635),rel_disp_top_exp_mm,none,,off,Part_I_MASON_v8_SmallStrain.sav,R2_SS_NODAMP
3,EC40,0.2,2.473,1,0.11,0.439,0.01224,0.0703,0.24,2.566,0.03196,0.085,0.0,fixed_periods,1.629,0.015,0.772,2.628,bilinear/model (pos; K1 5.16 kN/mm; mu 3.72; m_eff 1635),rel_disp_top_exp_mm,none,,off,Part_I_MASON_v8_SmallStrain.sav,R2_SS_NODAMP
4,HU12,1.0,2.473,1,0.11,0.966,0.02693,0.1547,0.24,1.852,0.02306,0.0614,0.0,fixed_periods,2.681,0.093,1.308,2.088,bilinear/model (pos; K1 5.16 kN/mm; mu 3.72; m_eff 1635),rel_disp_top_exp_mm,none,,off,Part_I_MASON_v8_SmallStrain.sav,R2_SS_NODAMP
5,HU12,1.25,2.681,1,0.11,1.208,0.03366,0.1934,0.24,2.315,0.02883,0.0767,0.0,fixed_periods,2.516,0.117,1.635,2.61,bilinear/model (pos; K1 5.16 kN/mm; mu 3.72; m_eff 1635),rel_disp_top_exp_mm,none,,off,Part_I_MASON_v8_SmallStrain.sav,R2_SS_NODAMP
6,EC40,0.3,2.681,1,0.11,0.658,0.01835,0.1054,0.24,3.849,0.04794,0.1276,0.0,fixed_periods,2.813,0.022,1.158,3.943,bilinear/model (pos; K1 5.16 kN/mm; mu 3.72; m_eff 1635),rel_disp_top_exp_mm,none,,off,Part_I_MASON_v8_SmallStrain.sav,R2_SS_NODAMP
7,HU12,1.5,2.813,1,0.11,1.449,0.0404,0.232,0.24,2.778,0.03459,0.0921,0.0,fixed_periods,2.25,0.14,1.962,3.132,bilinear/model (pos; K1 5.16 kN/mm; mu 3.72; m_eff 1635),rel_disp_top_exp_mm,none,,off,Part_I_MASON_v8_SmallStrain.sav,R2_SS_NODAMP
8,EC40,0.4,2.813,1,0.11,0.878,0.02447,0.1406,0.24,5.132,0.06391,0.1701,0.0,fixed_periods,2.183,0.03,1.544,5.257,bilinear/model (pos; K1 5.16 kN/mm; mu 3.72; m_eff 1635),rel_disp_top_exp_mm,none,,off,Part_I_MASON_v8_SmallStrain.sav,R2_SS_NODAMP
9,HU12,1.75,2.813,1,0.11,1.691,0.04713,0.2707,0.24,3.241,0.04036,0.1074,0.0,fixed_periods,4.361,0.163,2.289,3.654,bilinear/model (pos; K1 5.16 kN/mm; mu 3.72; m_eff 1635),rel_disp_top_exp_mm,none,,off,Part_I_MASON_v8_SmallStrain.sav,R2_SS_NODAMP
10,HU12,2.0,4.361,1,0.11,1.932,0.05386,0.3094,0.24,3.703,0.04612,0.1227,0.0,fixed_periods,3.763,0.187,2.616,4.176,bilinear/model (pos; K1 5.16 kN/mm; mu 3.72; m_eff 1635),rel_disp_top_exp_mm,none,,off,Part_I_MASON_v8_SmallStrain.sav,R2_SS_NODAMP
11,EC40,0.5,4.361,1,0.11,1.097,0.03059,0.1757,0.24,6.415,0.07989,0.2126,0.0,fixed_periods,3.439,0.037,1.93,6.571,bilinear/model (pos; K1 5.16 kN/mm; mu 3.72; m_eff 1635),rel_disp_top_exp_mm,none,,off,Part_I_MASON_v8_SmallStrain.sav,R2_SS_NODAMP
12,HU12,2.25,4.361,1,0.11,2.174,0.06059,0.348,0.24,4.166,0.05189,0.1381,0.0,fixed_periods,3.791,0.21,2.943,4.698,bilinear/model (pos; K1 5.16 kN/mm; mu 3.72; m_eff 1635),rel_disp_top_exp_mm,none,,off,Part_I_MASON_v8_SmallStrain.sav,R2_SS_NODAMP
13,HU12,2.5,4.361,1,0.11,2.415,0.06733,0.3867,0.24,4.629,0.05766,0.1534,0.0,fixed_periods,4.05,0.233,3.27,5.22,bilinear/model (pos; K1 5.16 kN/mm; mu 3.72; m_eff 1635),rel_disp_top_exp_mm,none,,off,Part_I_MASON_v8_SmallStrain.sav,R2_SS_NODAMP
14,HU12,2.75,4.361,1,0.11,2.657,0.07406,0.4254,0.24,5.092,0.06342,0.1688,0.0,fixed_periods,4.321,0.257,3.597,5.742,bilinear/model (pos; K1 5.16 kN/mm; mu 3.72; m_eff 1635),rel_disp_top_exp_mm,none,,off,Part_I_MASON_v8_SmallStrain.sav,R2_SS_NODAMP
15,HU12,3.0,4.361,1,0.11,2.899,0.08079,0.464,0.24,5.555,0.06919,0.1841,0.0,fixed_periods,4.378,0.28,3.924,6.264,bilinear/model (pos; K1 5.16 kN/mm; mu 3.72; m_eff 1635),rel_disp_top_exp_mm,none,,off,Part_I_MASON_v8_SmallStrain.sav,R2_SS_NODAMP
16,HU12,3.5,4.378,1,0.11,3.382,0.09426,0.5414,0.24,6.481,0.08072,0.2148,0.0,fixed_periods,4.948,0.327,4.578,7.308,bilinear/model (pos; K1 5.16 kN/mm; mu 3.72; m_eff 1635),rel_disp_top_exp_mm,none,,off,Part_I_MASON_v8_SmallStrain.sav,R2_SS_NODAMP
17,HU12,4.0,4.948,1,0.11,3.865,0.10772,0.6187,0.24,7.407,0.09225,0.2455,0.0,fixed_periods,5.331,0.373,5.232,8.351,bilinear/model (pos; K1 5.16 kN/mm; mu 3.72; m_eff 1635),rel_disp_top_exp_mm,none,,off,Part_I_MASON_v8_SmallStrain.sav,R2_SS_NODAMP
18,HU12,4.5,5.331,1,0.11,4.348,0.12119,0.6961,0.24,8.333,0.10378,0.2762,0.0,fixed_periods,6.319,0.42,5.886,9.395,bilinear/model (pos; K1 5.16 kN/mm; mu 3.72; m_eff 1635),rel_disp_top_exp_mm,none,,off,Part_I_MASON_v8_SmallStrain.sav,R2_SS_NODAMP
19,HU12,5.0,6.319,1,0.11,4.831,0.13465,0.7734,0.24,9.259,0.11531,0.3069,0.0,fixed_periods,7.792,0.467,6.539,10.439,bilinear/model (pos; K1 5.16 kN/mm; mu 3.72; m_eff 1635),rel_disp_top_exp_mm,none,,off,Part_I_MASON_v8_SmallStrain.sav,R2_SS_NODAMP
20,HU12,5.5,7.792,1,0.11,5.314,0.14812,0.8508,0.24,10.185,0.12684,0.3375,0.0,fixed_periods,9.108,0.513,7.193,11.483,bilinear/model (pos; K1 5.16 kN/mm; mu 3.72; m_eff 1635),rel_disp_top_exp_mm,none,,off,Part_I_MASON_v8_SmallStrain.sav,R2_SS_NODAMP
21,HU12,6.0,9.108,1,0.11,5.797,0.16158,0.9281,0.24,11.11,0.13837,0.3682,0.0,fixed_periods,21.54,0.56,7.847,12.527,bilinear/model (pos; K1 5.16 kN/mm; mu 3.72; m_eff 1635),rel_disp_top_exp_mm,none,,off,Part_I_MASON_v8_SmallStrain.sav,R2_SS_NODAMP
22,FR76,1.0,21.54,1,0.11,1.75,0.04879,0.2802,0.24,13.629,0.16973,0.4517,0.0,fixed_periods,8.11,0.171,3.483,13.859,bilinear/model (pos; K1 5.16 kN/mm; mu 3.72; m_eff 1635),rel_disp_top_exp_mm,none,,off,Part_I_MASON_v8_SmallStrain.sav,R2_SS_NODAMP
23,FR76,1.5,21.54,1,0.11,2.625,0.07318,0.4203,0.24,20.443,0.2546,0.6775,0.0,fixed_periods,28.567,0.257,5.225,20.789,bilinear/model (pos; K1 5.16 kN/mm; mu 3.72; m_eff 1635),rel_disp_top_exp_mm,none,,off,Part_I_MASON_v8_SmallStrain.sav,R2_SS_NODAMP
24,FR76,1.75,28.567,1,0.11,3.063,0.08538,0.4904,0.24,23.85,0.29703,0.7904,0.0,fixed_periods,32.094,0.3,6.095,24.254,bilinear/model (pos; K1 5.16 kN/mm; mu 3.72; m_eff 1635),rel_disp_top_exp_mm,none,,off,Part_I_MASON_v8_SmallStrain.sav,R2_SS_NODAMP
25,FR76,2.0,32.094,1,0.11,3.501,0.09757,0.5604,0.24,27.257,0.33947,0.9034,0.0,fixed_periods,38.623,0.343,6.966,27.719,bilinear/model (pos; K1 5.16 kN/mm; mu 3.72; m_eff 1635),rel_disp_top_exp_mm,none,,off,Part_I_MASON_v8_SmallStrain.sav,R2_SS_NODAMP
