run,record,scale,exp_peak_disp_mm,exp_resid_disp_mm,exp_peak_shear_kN,exp_peak_tiltproxy_deg,exp_resid_tiltproxy_deg,exp_max_tilt_deg,exp_resid_tilt_deg,ctrl_peak_disp_mm,ctrl_resid_disp_mm,ctrl_peak_shear_kN,ctrl_peak_tiltproxy_deg,ctrl_resid_tiltproxy_deg,ctrl_max_tilt_deg,ctrl_resid_tilt_deg,r2_peak_disp_mm,r2_resid_disp_mm,r2_peak_shear_kN,r2_peak_tiltproxy_deg,r2_resid_tiltproxy_deg,r2_max_tilt_deg,r2_resid_tilt_deg,r2_over_ctrl_disp,r2_over_exp_disp,ctrl_over_exp_disp,two_stage,d_hist_mm,T_A_s,SdA_mm,PGA_A_g,T_B_s,SdB_mm,PGA_B_g,log_peak_edp_mm,cap_note
1,HU12,0.5,0.3008,-0.1533,4.4332,0.0084,-0.0043,0.0097,-0.0046,0.0,0.0,0.997,0.0,0.0,0.0106,-0.0,0.791,0.0884,1.8269,0.022,0.0025,0.0218,0.0025,,2.63,0.0,1,0.0,0.11,0.483,0.0773,0.24,0.926,0.0307,0.791,fixed_periods
2,HU12,0.75,0.4072,-0.1932,6.2884,0.0113,-0.0054,0.0101,-0.0072,0.0,-0.2158,1.4295,0.0,-0.006,0.0174,-0.0001,2.4725,-0.3108,6.4589,0.0688,-0.0086,0.0681,-0.0086,,6.071,0.0,1,0.791,0.11,0.725,0.116,0.24,1.389,0.046,2.473,fixed_periods
3,EC40,0.2,0.145,-0.1946,4.8667,0.004,-0.0054,0.0029,-0.0072,0.0,-0.0786,1.4487,0.0,-0.0022,0.0196,0.0001,1.6295,0.0326,6.5141,0.0453,0.0009,0.0442,0.0008,,11.241,0.0,1,2.473,0.11,0.439,0.0703,0.24,2.566,0.085,1.629,fixed_periods
4,HU12,1.0,0.6683,-0.1548,8.2872,0.0186,-0.0043,0.0141,-0.0063,0.0,-0.3211,2.5826,0.0,-0.0089,0.0323,-0.0002,2.6814,-0.203,9.4425,0.0746,-0.0056,0.0737,-0.0054,,4.012,0.0,1,2.473,0.11,0.966,0.1547,0.24,1.852,0.0614,2.681,fixed_periods
5,HU12,1.25,0.9627,-0.1943,9.4084,0.0268,-0.0054,0.0217,-0.0071,0.0,-0.4619,3.8572,0.0,-0.0128,0.048,0.0,2.5161,0.2877,9.0903,0.07,0.008,0.0708,0.0078,,2.614,0.0,1,2.681,0.11,1.208,0.1934,0.24,2.315,0.0767,2.516,fixed_periods
6,EC40,0.3,0.4796,-0.2654,6.9185,0.0133,-0.0074,0.0101,-0.0086,0.0,-1.0926,10.2549,0.0,-0.0304,0.0784,-0.0014,2.8134,-0.1717,18.6115,0.0782,-0.0048,0.0783,-0.0046,,5.866,0.0,1,2.681,0.11,0.658,0.1054,0.24,3.849,0.1276,2.813,fixed_periods
7,HU12,1.5,1.2421,-0.196,11.2838,0.0345,-0.0055,0.0293,-0.0073,2.8328,-0.0382,10.8595,0.0788,-0.0011,0.0784,-0.001,2.2503,-0.2204,14.1222,0.0626,-0.0061,0.0617,-0.0059,0.794,1.812,2.281,1,2.813,0.11,1.449,0.232,0.24,2.778,0.0921,2.25,fixed_periods
8,EC40,0.4,0.8721,-0.3857,8.5942,0.0243,-0.0107,0.0192,-0.0109,2.2681,-0.0541,12.6754,0.0631,-0.0015,0.0613,-0.0015,2.1831,0.2121,11.254,0.0607,0.0059,0.0607,0.0061,0.963,2.503,2.601,1,2.813,0.11,0.878,0.1406,0.24,5.132,0.1701,2.183,fixed_periods
9,HU12,1.75,1.4155,-0.1952,13.0311,0.0394,-0.0054,0.0367,-0.0074,2.7851,-0.0057,10.8224,0.0775,-0.0002,0.0774,-0.0001,4.3609,0.2075,15.9567,0.1213,0.0058,0.1202,0.0058,1.566,3.081,1.968,1,2.813,0.11,1.691,0.2707,0.24,3.241,0.1074,4.361,fixed_periods
10,HU12,2.0,2.0594,-0.3797,14.0957,0.0573,-0.0106,0.051,-0.0108,2.2645,-0.0548,10.1079,0.063,-0.0015,0.0633,-0.0015,3.763,-0.0356,18.2116,0.1047,-0.001,0.1055,-0.0009,1.662,1.827,1.1,1,4.361,0.11,1.932,0.3094,0.24,3.703,0.1227,3.763,fixed_periods
11,EC40,0.5,0.9213,-0.3861,11.6811,0.0256,-0.0107,0.0229,-0.0109,2.6134,-0.0676,15.0077,0.0727,-0.0019,0.0731,-0.0018,3.4386,-0.0598,18.7262,0.0956,-0.0017,0.095,-0.0016,1.316,3.732,2.837,1,4.361,0.11,1.097,0.1757,0.24,6.415,0.2126,3.439,fixed_periods
12,HU12,2.25,2.2484,-0.4158,15.9319,0.0625,-0.0116,0.0561,-0.0114,2.383,-0.0629,7.9781,0.0663,-0.0017,0.0653,-0.0017,3.791,-0.1681,16.713,0.1054,-0.0047,0.1042,-0.0045,1.591,1.686,1.06,1,4.361,0.11,2.174,0.348,0.24,4.166,0.1381,3.791,fixed_periods
13,HU12,2.5,2.5656,-0.4387,17.6793,0.0714,-0.0122,0.0643,-0.0119,2.2914,-0.0278,11.6329,0.0637,-0.0008,0.0635,-0.0007,4.0505,-0.0113,23.9012,0.1127,-0.0003,0.1117,-0.0002,1.768,1.579,0.893,1,4.361,0.11,2.415,0.3867,0.24,4.629,0.1534,4.05,fixed_periods
14,HU12,2.75,3.1034,-0.44,19.1692,0.0863,-0.0122,0.078,-0.0119,2.7319,-0.052,14.2709,0.076,-0.0014,0.0765,-0.0014,4.3209,-0.374,17.6548,0.1202,-0.0104,0.1191,-0.0104,1.582,1.392,0.88,1,4.361,0.11,2.657,0.4254,0.24,5.092,0.1688,4.321,fixed_periods
15,HU12,3.0,3.652,-0.4386,20.4399,0.1016,-0.0122,0.0913,-0.0118,2.9129,-0.0632,12.9559,0.081,-0.0018,0.0807,-0.0017,4.3783,-0.2733,15.9332,0.1218,-0.0076,0.1204,-0.0077,1.503,1.199,0.798,1,4.361,0.11,2.899,0.464,0.24,5.555,0.1841,4.378,fixed_periods
16,HU12,3.5,4.7661,-0.4827,22.4213,0.1326,-0.0134,0.1158,-0.0126,3.5673,-0.082,15.8896,0.0992,-0.0023,0.0988,-0.0022,4.9476,-0.5078,15.2519,0.1376,-0.0141,0.1355,-0.0144,1.387,1.038,0.748,1,4.378,0.11,3.382,0.5414,0.24,6.481,0.2148,4.948,fixed_periods
17,HU12,4.0,5.8766,-0.4833,23.8983,0.1634,-0.0134,0.1538,-0.0138,4.1192,-0.1279,13.1344,0.1146,-0.0036,0.1146,-0.0036,5.3308,-0.3045,21.8562,0.1483,-0.0085,0.1465,-0.0086,1.294,0.907,0.701,1,4.948,0.11,3.865,0.6187,0.24,7.407,0.2455,5.331,fixed_periods
18,HU12,4.5,8.4799,-0.7357,24.8419,0.2359,-0.0205,0.2211,-0.0207,3.9749,-0.0934,13.3216,0.1106,-0.0026,0.112,-0.0026,6.3187,-0.2333,19.6443,0.1757,-0.0065,0.1745,-0.0065,1.59,0.745,0.469,1,5.331,0.11,4.348,0.6961,0.24,8.333,0.2762,6.319,fixed_periods
19,HU12,5.0,10.7375,-0.7707,27.5422,0.2986,-0.0214,0.2807,-0.0214,9.2893,-0.0161,18.9863,0.2584,-0.0004,0.2591,-0.0001,7.7923,-0.2427,15.567,0.2167,-0.0067,0.2177,-0.0068,0.839,0.726,0.865,1,6.319,0.11,4.831,0.7734,0.24,9.259,0.3069,7.792,fixed_periods
20,HU12,5.5,13.5234,-0.9484,30.1685,0.3761,-0.0264,0.355,-0.0276,13.7303,0.3133,14.999,0.3819,0.0087,0.3817,0.009,9.1084,-0.1901,16.7944,0.2533,-0.0053,0.2546,-0.0052,0.663,0.674,1.015,1,7.792,0.11,5.314,0.8508,0.24,10.185,0.3375,9.108,fixed_periods
21,HU12,6.0,16.3678,-1.0577,33.8379,0.4552,-0.0294,0.4269,-0.0297,16.9658,0.5305,11.5186,0.4719,0.0148,0.4722,0.015,21.5404,-0.0547,17.5419,0.5991,-0.0015,0.5986,-0.0007,1.27,1.316,1.037,1,9.108,0.11,5.797,0.9281,0.24,11.11,0.3682,21.54,fixed_periods
22,FR76,1.0,3.6473,-0.7707,20.3266,0.1014,-0.0214,0.094,-0.021,3.7158,0.7329,9.4989,0.1033,0.0204,0.1037,0.0208,8.1098,0.0207,11.065,0.2256,0.0006,0.2267,0.0014,2.183,2.224,1.019,1,21.54,0.11,1.75,0.2802,0.24,13.629,0.4517,8.11,fixed_periods
23,FR76,1.5,13.1536,0.4249,27.041,0.3658,0.0118,0.3384,0.0085,5.8855,1.3558,9.3414,0.1637,0.0377,0.1651,0.0381,28.5671,0.5353,22.7453,0.7945,0.0149,0.7936,0.0153,4.854,2.172,0.447,1,21.54,0.11,2.625,0.4203,0.24,20.443,0.6775,28.567,fixed_periods
24,FR76,1.75,29.4828,1.7333,29.5,0.82,0.0482,0.7542,0.0403,8.2871,2.1604,12.226,0.2305,0.0601,0.231,0.0606,32.0942,4.8869,27.0845,0.8926,0.1359,0.8934,0.137,3.873,1.089,0.281,1,28.567,0.11,3.063,0.4904,0.24,23.85,0.7904,32.094,fixed_periods
25,FR76,2.0,,,,,,,,41.6264,2.6209,17.864,1.1576,0.0729,1.1594,0.0739,38.623,-0.4275,37.7901,1.0741,-0.0119,1.0738,-0.011,0.928,,,1,32.094,0.11,3.501,0.5604,0.24,27.257,0.9034,38.623,fixed_periods
