d_ctrl_mm,F_base_kN,F_appl_kN,KE_frac,maxvel_mms
0.037,0.0012,0.0206,0.00285,0.1034
0.0796,0.0127,0.0304,0.0008,0.0968
0.1214,0.0223,0.0406,0.00041,0.0974
0.1632,0.033,0.0507,0.00025,0.0982
0.2051,0.0428,0.0611,0.00017,0.0982
0.2468,0.053,0.072,0.00012,0.0969
0.2887,0.065,0.0824,9e-05,0.0994
0.3306,0.0759,0.0928,6e-05,0.1011
0.3724,0.0845,0.1036,5e-05,0.0976
0.4142,0.0957,0.1139,4e-05,0.0977
0.4561,0.1057,0.1243,4e-05,0.0992
0.4978,0.1164,0.1359,3e-05,0.0972
0.5395,0.1284,0.1463,2e-05,0.1006
0.5814,0.1375,0.1561,3e-05,0.0988
0.6232,0.1487,0.1669,2e-05,0.0972
0.6651,0.1589,0.1777,2e-05,0.0967
0.7068,0.1693,0.188,2e-05,0.0966
0.7487,0.1802,0.1989,1e-05,0.098
0.7904,0.1906,0.2094,1e-05,0.0987
0.8321,0.2003,0.2204,1e-05,0.0983
0.8742,0.2109,0.2315,1e-05,0.0962
0.9161,0.2218,0.2415,1e-05,0.0978
0.9567,0.2339,0.2539,1e-05,0.1092
0.9978,0.2431,0.2703,1e-05,0.1017
1.0404,0.255,0.2752,1e-05,0.0997
1.0828,0.2678,0.2891,0.0,0.1051
1.123,0.2767,0.2996,1e-05,0.1109
1.1653,0.2862,0.3137,1e-05,0.0964
1.2076,0.2988,0.3193,1e-05,0.101
1.2479,0.312,0.3369,0.0,0.1018
1.2885,0.3215,0.3508,0.0,0.1186
1.3303,0.3345,0.3591,1e-05,0.1338
1.3744,0.3417,0.3633,1e-05,0.1078
1.4144,0.3541,0.3795,1e-05,0.1176
1.4568,0.3679,0.3934,0.0,0.0992
1.4964,0.3723,0.405,0.0,0.1294
1.5398,0.3854,0.4174,0.0,0.0958
1.5813,0.3989,0.4262,0.0,0.1019
1.6232,0.4067,0.4345,1e-05,0.1319
1.6647,0.4211,0.4488,0.0,0.0991
1.7079,0.4288,0.4543,0.0,0.1072
1.7478,0.4432,0.4718,0.0,0.1001
1.7891,0.4527,0.4837,0.0,0.1058
1.8325,0.4659,0.4928,0.0,0.0933
1.8734,0.4734,0.5039,0.0,0.1169
1.917,0.4842,0.5139,0.0,0.0829
1.9574,0.4963,0.5245,0.0,0.0941
2.0005,0.507,0.5299,0.0,0.1014
2.0412,0.5166,0.5447,0.0,0.122
2.082,0.5284,0.5617,0.0,0.0924
2.1257,0.537,0.5632,0.0,0.1221
2.1684,0.5487,0.5713,0.0,0.1111
2.2078,0.5606,0.5891,0.0,0.1244
2.2496,0.57,0.6031,0.0,0.1104
2.2916,0.5819,0.6142,0.0,0.0946
2.333,0.5957,0.6249,0.0,0.1057
2.3749,0.6098,0.6377,0.0,0.0978
2.4171,0.6147,0.6469,0.0,0.1025
2.4572,0.6274,0.6618,0.0,0.1066
2.5019,0.6372,0.6618,0.0,0.1163
2.5431,0.646,0.6778,0.0,0.0958
2.5842,0.6629,0.6896,0.0,0.1399
2.6258,0.6738,0.7016,0.0,0.091
2.6677,0.6873,0.7106,0.0,0.1178
2.7102,0.6971,0.7256,0.0,0.0911
2.7495,0.7047,0.7388,0.0,0.1245
2.7921,0.7198,0.7503,0.0,0.1046
2.8363,0.7245,0.7545,0.0,0.1007
2.8776,0.7361,0.768,0.0,0.0956
2.9204,0.7464,0.7739,0.0,0.0907
2.9629,0.7598,0.7814,0.0,0.0979
3.0004,0.771,0.8062,0.0,0.1185
3.0425,0.7839,0.819,0.0,0.0968
3.0877,0.7877,0.815,0.0,0.1045
3.1256,0.8008,0.8404,0.0,0.1014
3.1678,0.8148,0.8475,0.0,0.136
3.2107,0.826,0.8563,0.0,0.1201
3.2535,0.837,0.8693,0.0,0.0832
3.2946,0.8478,0.875,0.0,0.1219
3.3389,0.8575,0.8799,0.0,0.1051
3.3776,0.8719,0.9014,0.0,0.1075
3.4184,0.8789,0.9153,0.0,0.1001
3.4594,0.8927,0.9259,0.0,0.1377
3.5056,0.9025,0.9275,0.0,0.0975
3.5434,0.9143,0.9483,0.0,0.1092
3.5882,0.9289,0.9551,0.0,0.0834
3.6303,0.939,0.9615,0.0,0.1004
3.6732,0.9525,0.9698,0.0,0.0987
3.7115,0.962,0.9895,0.0,0.1195
3.7543,0.9781,1.0001,0.0,0.0948
3.7944,0.9893,1.0138,0.0,0.1028
3.8384,1.0001,1.0203,0.0,0.1172
3.8759,1.0127,1.046,0.0,0.1001
3.9169,1.0214,1.0582,0.0,0.1204
3.9586,1.0374,1.0699,0.0,0.1335
4.0001,1.0547,1.0858,0.0,0.1038
4.0396,1.0596,1.1011,0.0,0.1286
4.0826,1.0719,1.1095,0.0,0.1107
4.1258,1.0824,1.1124,0.0,0.1338
4.1661,1.096,1.1313,0.0,0.1063
4.206,1.1087,1.1495,0.0,0.1002
4.2492,1.1185,1.1552,0.0,0.0965
4.2955,1.1331,1.1506,0.0,0.0967
4.3326,1.145,1.1819,0.0,0.0878
4.3772,1.1556,1.1775,0.0,0.1162
4.4163,1.1745,1.1965,0.0,0.1199
4.4593,1.1792,1.2128,0.0,0.1217
4.4975,1.1981,1.2392,0.0,0.0974
4.5407,1.2046,1.2409,0.0,0.1358
4.58,1.2157,1.262,0.0,0.1066
4.6222,1.234,1.2727,0.0,0.1016
4.6627,1.2413,1.2886,0.0,0.1177
4.7033,1.2555,1.2995,0.0,0.1336
4.7486,1.2648,1.3,0.0,0.0994
4.7874,1.2792,1.3217,0.0,0.1366
4.8277,1.2952,1.3369,0.0,0.1107
4.87,1.3014,1.3451,0.0,0.1344
4.9077,1.3167,1.3634,0.0,0.1049
4.9497,1.332,1.3689,0.0,0.1341
4.9928,1.3365,1.3795,0.0,0.0954
5.034,1.3516,1.3872,0.0,0.1203
5.0761,1.3622,1.3971,0.0,0.1071
5.1173,1.3745,1.4112,0.0,0.0953
5.1568,1.3869,1.4334,0.0,0.0933
5.1983,1.4008,1.4373,0.0,0.1094
5.2377,1.4131,1.4555,0.0,0.0986
5.2797,1.4281,1.4624,0.0,0.1399
5.3229,1.4363,1.4667,0.0,0.1142
5.3605,1.4508,1.522,0.0,0.1455
5.4047,1.4568,1.5487,0.0,0.126
5.4436,1.4768,1.5667,0.0,0.1287
5.4865,1.4789,1.5695,0.0,0.1033
5.5197,1.497,1.5957,0.0,0.0957
5.5602,1.5058,1.5959,0.0,0.1125
5.5931,1.51,1.6052,0.0,0.123
5.6307,1.519,1.6083,0.0,0.1059
5.6655,1.5264,1.6182,0.0,0.1011
5.7069,1.5374,1.6277,0.0,0.0907
5.7426,1.5482,1.6346,0.0,0.1038
5.7834,1.5558,1.6455,0.0,0.1112
5.8178,1.5658,1.6703,0.0,0.0995
5.8616,1.5721,1.6563,0.0,0.1107
5.9014,1.5788,1.6716,0.0,0.0893
5.9406,1.5911,1.6799,0.0,0.1214
5.9817,1.6006,1.6897,0.0,0.098
6.019,1.6161,1.715,0.0,0.1052
6.0626,1.6261,1.7135,0.0,0.0952
6.1017,1.638,1.7343,0.0,0.0846
6.1432,1.6496,1.7381,0.0,0.1081
6.1837,1.6597,1.748,0.0,0.1186
6.224,1.6718,1.7599,0.0,0.1295
6.2655,1.6801,1.7712,0.0,0.0973
6.3046,1.6935,1.7847,0.0,0.1112
6.3441,1.7022,1.8035,0.0,0.0886
6.3839,1.7153,1.8119,0.0,0.1362
6.4256,1.7318,1.8255,0.0,0.1031
6.4687,1.7362,1.8287,0.0,0.0945
6.5094,1.7525,1.8375,0.0,0.1089
6.5487,1.7601,1.8544,0.0,0.096
6.59,1.7738,1.866,0.0,0.0836
6.6312,1.7844,1.8724,0.0,0.0993
6.6703,1.7941,1.8882,0.0,0.1145
6.7113,1.8091,1.8991,0.0,0.1302
6.7527,1.8228,1.9138,0.0,0.0841
6.7943,1.8341,1.9214,0.0,0.1006
6.8328,1.8473,1.94,0.0,0.1032
6.8706,1.8643,1.962,0.0,0.1001
6.915,1.8763,1.9618,0.0,0.0949
6.954,1.8822,1.9749,0.0,0.1098
6.9942,1.9001,1.9894,0.0,0.1117
7.0361,1.9128,1.9996,0.0,0.1022
7.0772,1.9253,2.0105,0.0,0.1046
7.1177,1.9362,2.0274,0.0,0.0967
7.1589,1.9428,2.0324,0.0,0.126
7.1983,1.9595,2.0492,0.0,0.1413
7.2385,1.97,2.0639,0.0,0.1458
7.2811,1.9821,2.0705,0.0,0.1004
7.3225,1.9905,2.0799,0.0,0.1004
7.3624,2.0057,2.0952,0.0,0.1342
7.4061,2.0168,2.1,0.0,0.0929
7.4443,2.0292,2.1173,0.0,0.1154
7.4848,2.0415,2.1318,0.0,0.1307
7.5263,2.0539,2.1425,0.0,0.0993
7.5694,2.0623,2.1488,0.0,0.1049
7.6089,2.0742,2.1631,0.0,0.1039
7.6402,2.0838,2.1977,0.0,0.1283
7.6782,2.0892,2.2157,0.0,0.188
7.7306,2.1071,2.1943,0.0,0.1041
7.7637,2.107,2.193,0.0,0.1051
7.8039,2.1197,2.2023,0.0,0.0965
7.8332,2.1173,2.2134,0.0,0.102
7.8772,2.1329,2.2159,0.0,0.0918
7.9161,2.1413,2.2272,0.0,0.1145
7.9567,2.1567,2.2418,0.0,0.0955
7.9977,2.1628,2.249,0.0,0.1079
8.034,2.1803,2.2753,0.0,0.0862
8.0774,2.1897,2.2739,0.0,0.0949
8.1155,2.2044,2.298,0.0,0.0923
8.1569,2.2117,2.3058,0.0,0.0859
8.199,2.2196,2.308,0.0,0.115
8.2396,2.2311,2.3198,0.0,0.1156
8.2807,2.2442,2.3298,0.0,0.0983
8.3183,2.2577,2.3512,0.0,0.1429
8.3599,2.2649,2.3649,0.0,0.0953
8.4017,2.2807,2.3668,0.0,0.1079
8.4424,2.2935,2.3854,0.0,0.0903
8.4808,2.3033,2.3983,0.0,0.1002
8.5208,2.3189,2.4063,0.0,0.1197
8.5624,2.3252,2.4138,0.0,0.1031
8.6017,2.3374,2.4344,0.0,0.0935
8.6427,2.3494,2.4486,0.0,0.0929
8.6826,2.3627,2.4516,0.0,0.117
8.7257,2.3738,2.4567,0.0,0.1017
8.7655,2.3853,2.4704,0.0,0.0974
8.8027,2.3925,2.492,0.0,0.1326
8.8439,2.4041,2.5051,0.0,0.0922
8.8857,2.4166,2.5069,0.0,0.1228
8.9272,2.4307,2.517,0.0,0.1134
8.9686,2.4388,2.5269,0.0,0.1012
9.0082,2.4541,2.5395,0.0,0.1002
9.0479,2.4628,2.5592,0.0,0.0831
9.0911,2.4736,2.5584,0.0,0.0961
9.1304,2.485,2.573,0.0,0.119
9.1728,2.4981,2.5802,0.0,0.1007
9.2112,2.5076,2.5952,0.0,0.1083
9.252,2.5158,2.6048,0.0,0.1127
9.2937,2.5292,2.613,0.0,0.1009
9.3326,2.5427,2.6345,0.0,0.084
9.3718,2.5528,2.6412,0.0,0.1154
9.4136,2.5668,2.6496,0.0,0.1135
9.4536,2.5741,2.6601,0.0,0.0969
9.4932,2.5864,2.6815,0.0,0.1161
9.534,2.596,2.6902,0.0,0.1078
9.5725,2.6104,2.7114,0.0,0.0912
9.6149,2.6201,2.7107,0.0,0.0954
9.6535,2.6308,2.7286,0.0,0.098
9.6956,2.6398,2.7332,0.0,0.0958
9.7331,2.6483,2.7436,0.0,0.1193
9.7731,2.6618,2.7555,0.0,0.0956
9.8117,2.6716,2.7674,0.0,0.1302
9.854,2.6799,2.7755,0.0,0.0967
9.8912,2.6916,2.7912,0.0,0.1381
9.933,2.6985,2.7933,0.0,0.1016
9.9718,2.7058,2.8064,0.0,0.0842
10.0142,2.7223,2.8124,0.0,0.0961
10.0505,2.7293,2.8297,0.0,0.088
10.0879,2.7507,2.8493,0.0,0.1001
10.1288,2.7622,2.8551,0.0,0.1066
10.165,2.7745,2.8769,0.0,0.106
10.2066,2.7881,2.8875,0.0,0.0945
10.2454,2.7964,2.8944,0.0,0.1273
10.2855,2.8089,2.9121,0.0,0.093
10.328,2.8165,2.9092,0.0,0.1021
10.3667,2.8266,2.9244,0.0,0.0984
10.4056,2.8414,2.9381,0.0,0.1069
10.4474,2.8467,2.9417,0.0,0.0932
10.4863,2.863,2.9554,0.0,0.1078
10.524,2.8732,2.9721,0.0,0.1185
10.5633,2.8833,2.9841,0.0,0.1125
10.6054,2.8888,2.9876,0.0,0.1078
10.6457,2.9058,2.9965,0.0,0.0987
10.6841,2.9135,3.0123,0.0,0.0914
10.7241,2.9187,3.0163,0.0,0.1277
10.7642,2.9306,3.0257,0.0,0.099
10.8016,2.9473,3.048,0.0,0.0944
10.8427,2.953,3.0471,0.0,0.0969
10.8774,2.9638,3.0646,0.0,0.1322
10.9209,2.9676,3.0645,0.0,0.0939
10.9598,2.9793,3.0727,0.0,0.0976
10.9957,2.9823,3.0817,0.0,0.1105
11.0344,2.9948,3.0963,0.0,0.0939
11.0696,2.9983,3.1022,0.0,0.1274
11.1088,3.0116,3.1262,0.0,0.1271
11.1422,3.0164,3.1418,0.0,0.0963
11.1774,3.0185,3.1571,0.0,0.0947
11.2245,3.0319,3.1442,0.0,0.0975
11.2626,3.0376,3.1508,0.0,0.1092
11.3015,3.0481,3.1922,0.0,0.1051
11.3355,3.0595,3.197,0.0,0.0899
11.362,3.0503,3.2023,0.0,0.1309
11.3948,3.0584,3.2157,0.0,0.0904
11.4274,3.0514,3.2013,0.0,0.0952
11.4083,2.9235,3.0603,0.0,0.0916
11.4128,2.9366,3.1008,0.0,0.1275
11.4165,2.9169,3.057,0.0,0.0994
11.443,2.9135,3.0912,0.0,0.1019
11.4866,2.9081,3.073,0.0,0.123
11.5063,2.9252,3.1312,0.0,0.1089
11.5364,2.9178,3.1513,0.0,0.1101
11.599,2.942,3.0951,0.0,0.0982
11.6369,2.9503,3.1029,0.0,0.098
11.6737,2.9616,3.1094,0.0,0.1049
11.7062,2.9604,3.1061,0.0,0.0994
11.7415,2.962,3.1168,0.0,0.0973
11.7801,2.9708,3.1182,0.0,0.0985
11.8144,2.9767,3.1249,0.0,0.0922
11.8472,2.9795,3.127,0.0,0.0994
11.8859,2.9835,3.1275,0.0,0.1002
11.9207,2.9909,3.1366,0.0,0.0984
11.9594,2.9962,3.1404,0.0,0.0956
11.9936,3.0041,3.1493,0.0,0.0998
12.0199,2.9997,3.1484,0.0,0.0966
12.0411,2.9867,3.1391,0.0,2.3327
12.0658,2.9689,3.1162,0.0,0.099
12.0909,2.964,3.1052,0.0,0.0941
12.1061,2.9466,3.0797,0.0,0.1041
12.121,2.9155,3.0518,0.0,0.0927
12.1268,2.8905,2.9933,0.0,0.0975
12.103,2.794,2.8859,0.0,0.2086
12.0853,2.7353,2.8576,0.0,0.0969
12.0944,2.7064,2.8377,0.0,0.0967
12.1006,2.6698,2.8121,0.0,0.095
12.1222,2.6671,2.8162,0.0,0.1172
12.1472,2.6564,2.8123,0.0,0.0884
12.1517,2.6251,2.7851,0.0,0.0996
12.1747,2.6113,2.7672,0.0,0.0904
12.1888,2.5922,2.7387,0.0,0.093
12.2007,2.5673,2.7167,0.0,0.0951
12.2152,2.5451,2.6878,0.0,0.0865
12.2212,2.5123,2.662,0.0,0.0944
12.2346,2.494,2.6596,0.0,0.0945
12.2597,2.4794,2.6387,0.0,0.0983
12.2544,2.4405,2.5728,0.0,0.0964
12.2659,2.413,2.5533,0.0,0.2466
12.2693,2.3743,2.513,0.0,0.0923
12.2779,2.3516,2.4871,0.0,0.0904
12.2965,2.3324,2.478,0.0,0.0996
12.314,2.3137,2.4589,0.0,0.094
12.3361,2.3002,2.4546,0.0,0.0902
12.3617,2.2908,2.4462,0.0,0.0996
12.383,2.2857,2.4572,0.0,0.1007
12.4152,2.2746,2.4377,0.0,0.098
12.4436,2.278,2.4356,0.0,0.1013
12.4724,2.2706,2.431,0.0,0.099
12.5009,2.2684,2.4277,0.0,0.0955
12.5276,2.2658,2.4303,0.0,0.0926
12.5521,2.2587,2.4177,0.0,0.091
12.5769,2.2502,2.3917,0.0,0.1421
12.5861,2.2287,2.3756,0.0,0.0955
12.6075,2.2142,2.3645,0.0,0.0939
12.6337,2.2036,2.366,0.0,0.0937
12.6515,2.1933,2.3568,0.0,0.1425
12.6829,2.1929,2.3982,0.0,0.0916
12.712,2.1886,2.3754,0.0,0.0978
12.7345,2.1761,2.359,0.0,0.0933
12.7462,2.1567,2.3603,0.0,0.0953
12.768,2.1477,2.3519,0.0,0.09
12.7905,2.1363,2.3411,0.0,0.0906
12.8093,2.1252,2.3249,0.0,0.0915
12.8321,2.1109,2.3149,0.0,0.0963
12.8591,2.0994,2.3135,0.0,0.101
12.8901,2.0995,2.3156,0.0,0.1017
12.9125,2.0898,2.304,0.0,0.0999
12.9361,2.0831,2.2941,0.0,0.0946
12.9629,2.0766,2.2925,0.0,0.0987
12.9894,2.0752,2.2871,0.0,0.0874
13.0164,2.0666,2.2877,0.0,0.088
13.0484,2.0685,2.2803,0.0,0.0967
13.0782,2.0695,2.2861,0.0,0.0906
13.1081,2.0711,2.2856,0.0,0.0934
13.1408,2.0713,2.2818,0.0,0.097
13.1655,2.0721,2.2758,0.0,0.0962
13.1958,2.0651,2.2749,0.0,0.0997
13.2266,2.0676,2.2823,0.0,0.0826
13.2567,2.0664,2.2782,0.0,0.0986
13.2855,2.0648,2.2848,0.0,0.1
13.3159,2.0651,2.2902,0.0,0.0883
13.3412,2.0609,2.2867,0.0,0.096
13.3657,2.0563,2.2774,0.0,0.1154
13.3866,2.0472,2.2686,0.0,0.09
13.4126,2.0378,2.2571,0.0,0.0997
13.4381,2.0327,2.2566,0.0,0.0987
13.4642,2.0305,2.2557,0.0,0.0991
13.4936,2.0297,2.252,0.0,0.097
13.5219,2.0238,2.2478,0.0,0.0938
13.5431,2.0188,2.2385,0.0,0.0951
13.5591,2.0013,2.2192,0.0,0.0945
13.5878,1.9966,2.2168,0.0,0.1095
13.618,1.9978,2.2168,0.0,0.0961
13.648,1.9947,2.215,0.0,0.0925
13.6757,1.9943,2.2207,0.0,0.1008
13.7066,1.9929,2.2191,0.0,0.3501
13.7342,1.9896,2.2161,0.0,0.0976
13.7644,1.9916,2.2139,0.0,0.4553
13.7875,1.9827,2.2074,0.0,0.1025
13.8113,1.9854,2.1931,0.0,0.0952
13.8357,1.972,2.1925,0.0,0.1008
13.8635,1.9699,2.195,0.0,0.0912
13.8951,1.9664,2.1897,0.0,0.0995
13.9264,1.9696,2.1948,0.0,0.088
13.9538,1.9674,2.1888,0.0,0.0998
13.9799,1.9662,2.1905,0.0,0.0943
14.0105,1.9663,2.1871,0.0,0.0999
14.0401,1.9663,2.1921,0.0,0.1042
14.0701,1.9644,2.1854,0.0,0.0936
14.1002,1.9583,2.1858,0.0,0.1025
14.1313,1.9624,2.1905,0.0,0.0946
14.1601,1.9673,2.1963,0.0,0.0974
14.1821,1.9691,2.184,0.0,0.0996
14.2163,1.9607,2.1904,0.0,0.098
14.2418,1.9596,2.196,0.0,0.101
14.277,1.963,2.1954,0.0,0.1051
14.3118,1.9648,2.1993,0.0,0.0965
14.3436,1.9684,2.2023,0.0,0.099
14.3738,1.9693,2.2027,0.0,0.0964
14.4077,1.9802,2.2071,0.0,0.096
14.4388,1.9796,2.2073,0.0,0.1011
14.4701,1.9813,2.2133,0.0,0.1024
14.4994,1.9798,2.2018,0.0,0.0987
14.5286,1.9735,2.2069,0.0,0.0928
14.5615,1.983,2.2064,0.0,0.1009
14.5943,1.9814,2.206,0.0,0.0908
14.6228,1.9842,2.2123,0.0,0.1008
14.6532,1.9874,2.2156,0.0,0.0981
14.6857,1.9857,2.2185,0.0,0.1089
14.7172,1.9938,2.22,0.0,0.0966
14.7459,1.992,2.2157,0.0,0.0997
14.7726,1.985,2.2136,0.0,0.1175
14.8034,1.9851,2.218,0.0,0.1015
14.8382,1.9909,2.2144,0.0,0.1004
14.848,1.9808,2.2418,0.0,0.0966
14.8744,1.9682,2.2462,0.0,0.0907
14.9037,1.9637,2.2476,0.0,0.0956
14.9372,1.9639,2.2485,0.0,0.1016
14.9716,1.9728,2.2523,0.0,0.1053
15.0056,1.9803,2.2576,0.0,0.1047
15.0377,1.9824,2.262,0.0,0.095
15.0711,1.9817,2.2562,0.0,0.1037
15.1061,1.989,2.262,0.0,0.0962
15.1354,1.9909,2.2717,0.0,0.0974
15.1696,1.9934,2.2725,0.0,0.0837
15.1984,1.9942,2.2716,0.0,0.1007
15.2345,1.9941,2.2782,0.0,0.0928
15.2653,1.9942,2.2804,0.0,0.0941
15.2964,2.001,2.2898,0.0,0.092
15.329,1.9975,2.2922,0.0,0.0899
15.3637,2.0059,2.2986,0.0,0.0905
15.3972,2.0097,2.2939,0.0,0.0987
15.4309,2.0131,2.3002,0.0,0.0909
15.463,2.0142,2.3088,0.0,0.0775
15.4955,2.0214,2.3097,0.0,0.0833
15.5288,2.0223,2.3057,0.0,0.0999
15.5601,2.0259,2.3137,0.0,0.0993
15.5928,2.0331,2.322,0.0,0.0969
15.6273,2.0331,2.3298,0.0,0.0766
15.6621,2.0358,2.3193,0.0,0.1011
15.693,2.0433,2.328,0.0,0.0989
15.7294,2.0425,2.3233,0.0,0.1003
15.7615,2.0494,2.3347,0.0,0.0912
15.7939,2.0525,2.3414,0.0,0.0953
15.8268,2.0548,2.341,0.0,0.0992
15.8585,2.0546,2.3506,0.0,0.0977
15.8893,2.0581,2.3451,0.0,0.1039
15.9238,2.0593,2.3467,0.0,0.0987
15.9559,2.0643,2.3512,0.0,0.0994
15.9907,2.063,2.3512,0.0,0.1
16.0234,2.072,2.3604,0.0,0.0947
16.0559,2.0711,2.3639,0.0,0.0924
16.0901,2.0727,2.3604,0.0,0.1006
16.1193,2.0762,2.3627,0.0,0.099
16.1509,2.0786,2.3656,0.0,0.0949
16.1787,2.075,2.3634,0.0,0.0989
16.211,2.0761,2.3646,0.0,0.1115
16.2458,2.0803,2.3712,0.0,0.0878
16.2802,2.0818,2.3675,0.0,0.1001
16.3115,2.0874,2.373,0.0,0.1029
16.3443,2.0917,2.378,0.0,0.0964
16.3764,2.095,2.3841,0.0,0.0968
16.412,2.0949,2.389,0.0,0.0811
16.4347,2.0941,2.4028,0.0,0.1021
16.4729,2.0925,2.3917,0.0,0.0963
16.507,2.1017,2.3969,0.0,0.0937
16.5302,2.0996,2.4079,0.0,0.1601
16.5608,2.0977,2.4139,0.0,0.117
16.599,2.1091,2.4103,0.0,0.0987
16.6381,2.1077,2.3967,0.0,0.0985
16.6696,2.1154,2.403,0.0,0.1006
16.704,2.1165,2.4054,0.0,0.0945
16.7352,2.1187,2.4053,0.0,0.0935
16.7687,2.1212,2.4125,0.0,0.0899
16.8001,2.1236,2.4112,0.0,0.0991
16.8338,2.128,2.4137,0.0,0.1106
16.8663,2.1323,2.4185,0.0,0.0994
16.9001,2.1318,2.4228,0.0,0.0931
16.9331,2.135,2.4224,0.0,0.1058
16.9669,2.139,2.4259,0.0,0.0951
17.0006,2.1417,2.4291,0.0,0.0992
17.0322,2.1452,2.4335,0.0,0.0937
17.0642,2.1503,2.441,0.0,0.1037
17.0952,2.1501,2.4378,0.0,0.1089
17.1294,2.1542,2.4438,0.0,0.0967
17.1639,2.1554,2.443,0.0,0.103
17.1973,2.158,2.4495,0.0,0.0961
17.232,2.1636,2.4495,0.0,0.1032
17.2658,2.1654,2.4518,0.0,0.1001
17.2955,2.1714,2.4577,0.0,0.1077
17.3299,2.1729,2.4643,0.0,0.0956
17.3618,2.1718,2.468,0.0,0.1009
17.3952,2.1739,2.4658,0.0,0.1066
17.4315,2.1813,2.4701,0.0,0.0955
17.459,2.1855,2.4747,0.0,0.0964
17.4939,2.1852,2.4755,0.0,0.0934
17.5261,2.1906,2.4808,0.0,0.1009
17.5609,2.1916,2.4794,0.0,0.0989
17.5962,2.1969,2.4822,0.0,0.096
17.6281,2.197,2.4886,0.0,0.0899
17.6596,2.2033,2.4943,0.0,0.0965
17.6927,2.2058,2.501,0.0,0.0916
17.7284,2.2073,2.494,0.0,0.1017
17.759,2.2178,2.5059,0.0,0.0946
17.7908,2.2197,2.5095,0.0,0.0991
17.8233,2.2266,2.5286,0.0,0.0852
17.8553,2.232,2.529,0.0,0.1033
17.8896,2.2402,2.5354,0.0,0.0949
17.922,2.2392,2.5382,0.0,0.0936
17.9535,2.2478,2.5732,0.0,0.0958
17.9737,2.2888,2.6144,0.0,0.091
18.005,2.2897,2.6236,0.0,0.0919
18.0358,2.2937,2.6281,0.0,0.1013
18.0685,2.2939,2.638,0.0,0.0995
18.0992,2.2978,2.648,0.0,0.0985
18.1319,2.2954,2.6511,0.0,0.092
18.1635,2.2981,2.6528,0.0,0.095
18.1945,2.3022,2.6578,0.0,0.0864
18.2278,2.2994,2.6558,0.0,0.098
18.2597,2.3057,2.6566,0.0,0.1009
18.2907,2.3081,2.6635,0.0,0.0958
18.3191,2.3132,2.6797,0.0,0.1021
18.3515,2.3116,2.6735,0.0,0.1059
18.3848,2.3174,2.6874,0.0,0.0978
18.4187,2.3176,2.6791,0.0,0.0944
18.4535,2.3219,2.6747,0.0,0.1186
18.4858,2.3263,2.6825,0.0,0.0989
18.5198,2.3328,2.6882,0.0,0.0947
18.5533,2.3308,2.6832,0.0,0.1053
18.5859,2.335,2.6863,0.0,0.1045
18.6166,2.3424,2.6968,0.0,0.0918
18.6517,2.3409,2.6939,0.0,0.097
18.6845,2.3473,2.6987,0.0,0.0911
18.7183,2.3499,2.6996,0.0,0.0974
18.7483,2.353,2.7065,0.0,0.1091
18.7841,2.3545,2.706,0.0,0.0978
18.8143,2.3605,2.7194,0.0,0.1054
18.8514,2.366,2.7137,0.0,0.0937
18.8827,2.3697,2.7207,0.0,0.1005
18.9137,2.3741,2.7201,0.0,0.0965
18.9446,2.3722,2.7252,0.0,0.1
18.9797,2.3799,2.7335,0.0,0.0922
19.011,2.3794,2.7323,0.0,0.105
19.0453,2.3864,2.7376,0.0,0.0978
19.0761,2.3876,2.7408,0.0,0.1119
19.1113,2.3929,2.7473,0.0,0.094
19.1445,2.398,2.7524,0.0,0.0912
19.1747,2.408,2.756,0.0,0.0975
19.2025,2.4082,2.769,0.0,0.1192
19.2301,2.4063,2.7614,0.0,0.1004
19.2631,2.4093,2.7635,0.0,0.0991
19.2971,2.4116,2.7639,0.0,0.1055
19.3301,2.4154,2.7725,0.0,0.1048
19.3633,2.4234,2.7821,0.0,0.0998
19.3945,2.4236,2.7846,0.0,0.0997
19.4315,2.4315,2.7834,0.0,0.1007
19.4607,2.429,2.7913,0.0,0.0992
19.4931,2.431,2.7967,0.0,0.101
19.527,2.4379,2.7992,0.0,0.1044
19.5636,2.4456,2.8011,0.0,0.0939
19.5961,2.4505,2.805,0.0,0.0963
19.629,2.4525,2.8097,0.0,0.0976
19.6628,2.455,2.8094,0.0,0.1034
19.6958,2.4608,2.8207,0.0,0.0916
19.7258,2.4634,2.8289,0.0,0.0929
19.7609,2.4677,2.8262,0.0,0.0917
19.7932,2.4718,2.8284,0.0,0.0935
19.8265,2.4757,2.83,0.0,0.0978
19.8578,2.4794,2.8394,0.0,0.0868
19.8902,2.483,2.8452,0.0,0.0979
19.9229,2.4848,2.8426,0.0,0.1017
19.96,2.4913,2.8465,0.0,0.0896
19.9916,2.493,2.8481,0.0,0.1002
20.0225,2.4986,2.8566,0.0,0.0976
20.0582,2.5006,2.8547,0.0,0.0983
20.089,2.5048,2.8637,0.0,0.0959
20.1229,2.5064,2.8607,0.0,0.1004
20.1559,2.5144,2.8745,0.0,0.0874
20.1879,2.5153,2.8734,0.0,0.0974
20.2216,2.518,2.8753,0.0,0.0929
20.2528,2.5229,2.8843,0.0,0.087
20.2879,2.5266,2.889,0.0,0.1104
20.3201,2.528,2.8933,0.0,0.0987
20.3507,2.5327,2.9069,0.0,0.0956
20.3853,2.5365,2.9071,0.0,0.098
20.4188,2.5384,2.9042,0.0,0.104
20.4513,2.5438,2.9178,0.0,0.0916
20.4849,2.5476,2.9167,0.0,0.0932
20.5199,2.5559,2.9197,0.0,0.093
20.5512,2.5564,2.9217,0.0,0.0991
20.5859,2.5614,2.9284,0.0,0.0779
20.6164,2.5643,2.9286,0.0,0.0995
20.6526,2.5664,2.9287,0.0,0.1036
20.6846,2.5741,2.9392,0.0,0.0935
20.7188,2.5754,2.9427,0.0,0.0945
20.7491,2.579,2.9457,0.0,0.1007
20.7847,2.5849,2.9482,0.0,0.0971
20.8103,2.5864,2.9622,0.0,0.0999
20.8459,2.5853,2.9563,0.0,0.1019
20.8779,2.593,2.9626,0.0,0.1007
20.9081,2.6012,2.9744,0.0,0.0929
20.9411,2.6062,2.9802,0.0,0.1002
20.9721,2.6116,2.9865,0.0,0.1047
21.0059,2.6181,3.0115,0.0,0.1062
21.0383,2.6176,3.0109,0.0,0.1096
21.0695,2.6177,3.0581,0.0,0.0901
21.104,2.6264,3.0577,0.0,0.0933
21.1377,2.6308,3.0543,0.0,0.0953
21.1669,2.6314,3.0633,0.0,0.0971
21.1987,2.6478,3.0728,0.0,0.0903
21.2331,2.6495,3.0691,0.0,0.102
21.2649,2.6559,3.0766,0.0,0.0963
21.2953,2.6562,3.0771,0.0,0.0957
21.3274,2.6567,3.0764,0.0,0.0991
21.3599,2.6634,3.0845,0.0,0.0972
21.392,2.6682,3.0894,0.0,0.0934
21.4268,2.6744,3.096,0.0,0.0912
21.4607,2.6758,3.0985,0.0,0.094
21.4929,2.6797,3.0993,0.0,0.0993
21.5253,2.6828,3.1156,0.0,0.0943
21.5568,2.695,3.1183,0.0,0.096
21.5895,2.6982,3.1238,0.0,0.0956
21.6226,2.7026,3.1227,0.0,0.1038
21.6549,2.7102,3.1338,0.0,0.0911
21.6866,2.7095,3.139,0.0,0.0973
21.7189,2.712,3.1405,0.0,0.1233
21.7538,2.7207,3.1415,0.0,0.1016
21.7888,2.7251,3.1459,0.0,0.085
21.8201,2.7322,3.1582,0.0,0.0977
21.8545,2.7308,3.1513,0.0,0.1047
21.8869,2.7338,3.1509,0.0,0.0964
21.9165,2.7357,3.1605,0.0,0.1009
21.9513,2.7416,3.164,0.0,0.0888
21.9849,2.7432,3.1633,0.0,0.112
22.0191,2.7485,3.1671,0.0,0.0992
22.0514,2.7545,3.1749,0.0,0.0964
22.0819,2.7583,3.1864,0.0,0.0925
22.1135,2.761,3.1816,0.0,0.0982
22.1502,2.7673,3.1869,0.0,0.0949
22.1813,2.7735,3.1985,0.0,0.0908
22.2159,2.777,3.1989,0.0,0.0962
22.2488,2.7817,3.2013,0.0,0.0933
22.2809,2.7858,3.2099,0.0,0.1053
22.3155,2.7906,3.2122,0.0,0.0805
22.3492,2.7908,3.2139,0.0,0.0935
22.3807,2.7974,3.2212,0.0,0.1089
22.4141,2.8015,3.2292,0.0,0.101
22.4497,2.8049,3.2271,0.0,0.0981
22.4819,2.8132,3.2327,0.0,0.0978
22.5154,2.8142,3.2362,0.0,0.0941
22.547,2.8143,3.2403,0.0,0.088
22.5779,2.8194,3.2452,0.0,0.1062
22.6114,2.8219,3.2431,0.0,0.1086
22.6425,2.8282,3.2535,0.0,0.1054
22.6787,2.8357,3.2569,0.0,0.1015
22.7108,2.8385,3.2632,0.0,0.0924
22.746,2.8378,3.2644,0.0,0.0861
22.78,2.8422,3.2688,0.0,0.1168
22.8146,2.8501,3.2774,0.0,0.0935
22.8433,2.8504,3.2923,0.0,0.1156
22.8801,2.8605,3.3,0.0,0.0873
22.9132,2.863,3.3006,0.0,0.0966
22.9459,2.867,3.304,0.0,0.0915
22.9819,2.8716,3.3025,0.0,0.1049
23.0116,2.8803,3.3226,0.0,0.0983
23.0453,2.8747,3.3157,0.0,0.1327
23.0795,2.8895,3.3213,0.0,0.1008
23.1115,2.8928,3.334,0.0,0.0953
23.1491,2.8935,3.3253,0.0,0.1039
23.1783,2.9017,3.34,0.0,0.1011
23.2143,2.8981,3.336,0.0,0.1249
23.2452,2.9103,3.3521,0.0,0.0927
23.2797,2.9144,3.3499,0.0,0.0948
23.3127,2.9164,3.3526,0.0,0.0986
23.3443,2.9248,3.3664,0.0,0.0997
23.3782,2.9279,3.3639,0.0,0.0965
23.4071,2.9423,3.3802,0.0,0.0985
23.4404,2.9504,3.3887,0.0,0.0946
23.4748,2.9541,3.3884,0.0,0.0906
23.5068,2.9566,3.3968,0.0,0.093
23.541,2.9608,3.3948,0.0,0.0995
23.572,2.9632,3.4048,0.0,0.0893
23.6064,2.9696,3.4048,0.0,0.1042
23.639,2.9751,3.4131,0.0,0.1048
23.6745,2.9806,3.4164,0.0,0.0977
23.7101,2.9833,3.4156,0.0,0.0988
23.7412,2.9916,3.4272,0.0,0.0947
23.7759,2.9915,3.4253,0.0,0.0994
23.8058,2.991,3.4319,0.0,0.0957
23.8414,2.9989,3.4306,0.0,0.1031
23.8732,3.0063,3.4404,0.0,0.0991
23.9081,3.0095,3.441,0.0,0.1036
23.9384,3.0145,3.4491,0.0,0.1098
23.9731,3.0204,3.455,0.0,0.1004
24.0086,3.0232,3.4562,0.0,0.0969
24.0399,3.0246,3.463,0.0,0.1017
24.0714,3.0345,3.4716,0.0,0.0998
24.1056,3.0381,3.4799,0.0,0.0995
24.1389,3.0436,3.4844,0.0,0.0908
24.171,3.0471,3.4914,0.0,0.1013
24.207,3.0506,3.5116,0.0,0.0975
24.2422,3.0606,3.5157,0.0,0.0985
24.2738,3.0605,3.5209,0.0,0.1016
24.3058,3.0677,3.529,0.0,0.1061
24.342,3.0696,3.5382,0.0,0.1099
24.3735,3.0783,3.5468,0.0,0.1018
24.4073,3.0829,3.5525,0.0,0.0948
24.4412,3.0838,3.5555,0.0,0.0982
24.4731,3.0918,3.5777,0.0,0.1009
24.5068,3.0966,3.5833,0.0,0.1003
24.5396,3.0983,3.587,0.0,0.1019
24.5755,3.1062,3.5928,0.0,0.0928
24.6083,3.1097,3.6012,0.0,0.0862
24.6393,3.1112,3.6081,0.0,0.0954
24.6766,3.1163,3.6017,0.0,0.1116
24.7077,3.1254,3.6129,0.0,0.1005
24.7427,3.1268,3.6175,0.0,0.098
24.7779,3.1303,3.6155,0.0,0.1018
24.8082,3.1371,3.6285,0.0,0.0806
24.8468,3.1397,3.6296,0.0,0.0914
24.8783,3.1488,3.6399,0.0,0.0922
24.9109,3.1509,3.639,0.0,0.0997
24.9473,3.1559,3.64,0.0,0.1023
24.9798,3.1575,3.6475,0.0,0.0944
25.0153,3.1654,3.6501,0.0,0.0921
25.0458,3.1711,3.6627,0.0,0.0861
25.0801,3.1693,3.6588,0.0,0.1174
25.1146,3.1802,3.6684,0.0,0.0936
25.1481,3.1841,3.6689,0.0,0.0991
25.1832,3.1908,3.6734,0.0,0.0968
25.2145,3.1952,3.6805,0.0,0.1024
25.2465,3.1977,3.6856,0.0,0.11
25.283,3.1999,3.6861,0.0,0.1009
25.3163,3.2046,3.6916,0.0,0.1001
25.3497,3.2122,3.7019,0.0,0.0969
25.3841,3.212,3.7003,0.0,0.1166
25.419,3.2211,3.7062,0.0,0.0994
25.4529,3.2246,3.7177,0.0,0.092
25.4874,3.2273,3.7123,0.0,0.1081
25.5172,3.2291,3.7183,0.0,0.1016
25.5488,3.2386,3.7407,0.0,0.0995
25.5854,3.2409,3.7382,0.0,0.107
25.6208,3.2491,3.7445,0.0,0.0956
25.6539,3.2512,3.748,0.0,0.1005
25.6864,3.2578,3.7552,0.0,0.0972
25.7224,3.2609,3.7551,0.0,0.1009
25.754,3.2707,3.7653,0.0,0.1008
25.7878,3.2722,3.7727,0.0,0.0881
25.8207,3.2755,3.7779,0.0,0.1005
25.857,3.2812,3.7759,0.0,0.0958
25.8906,3.2866,3.7822,0.0,0.0966
25.9234,3.2895,3.7909,0.0,0.0972
25.9554,3.2955,3.7984,0.0,0.1073
25.9895,3.2997,3.8059,0.0,0.0911
26.0226,3.3047,3.8106,0.0,0.0904
26.0568,3.3152,3.8136,0.0,0.0971
26.0913,3.319,3.8172,0.0,0.0886
26.1235,3.3242,3.8254,0.0,0.0958
26.1594,3.3247,3.8221,0.0,0.1031
26.1827,3.3499,3.8528,0.0,0.0958
26.2082,3.3677,3.8695,0.0,0.1077
26.2448,3.3773,3.876,0.0,0.0904
26.2741,3.3808,3.8806,0.0,0.0977
26.3102,3.38,3.8827,0.0,0.1145
26.3406,3.3902,3.8958,0.0,0.1035
26.3768,3.3934,3.8965,0.0,0.0958
26.4081,3.4022,3.913,0.0,0.0859
26.4441,3.4038,3.9046,0.0,0.1124
26.4803,3.4091,3.9059,0.0,0.0953
26.511,3.418,3.9167,0.0,0.0986
26.5466,3.4187,3.9162,0.0,0.0982
26.5794,3.4258,3.9242,0.0,0.0983
26.6045,3.4518,3.9507,0.0,0.0881
26.6252,3.4838,3.9882,0.0,0.0996
26.6552,3.4951,3.9967,0.0,0.0837
26.6873,3.4973,3.999,0.0,0.1025
26.721,3.5043,4.0024,0.0,0.1059
26.7557,3.5114,4.0089,0.0,0.0949
26.788,3.514,4.0198,0.0,0.0882
26.8231,3.5168,4.0172,0.0,0.0973
26.8559,3.5229,4.0235,0.0,0.1013
26.8888,3.5261,4.0286,0.0,0.0996
26.9222,3.537,4.0331,0.0,0.0952
26.9558,3.5398,4.0363,0.0,0.0992
26.988,3.5408,4.044,0.0,0.1044
27.0219,3.541,4.0474,0.0,0.4201
27.0553,3.5532,4.054,0.0,0.1005
27.0883,3.5571,4.0589,0.0,0.1065
27.1229,3.5618,4.0629,0.0,0.1122
27.1563,3.5682,4.0729,0.0,0.0976
27.191,3.5768,4.0762,0.0,0.0855
27.2228,3.5827,4.088,0.0,0.1008
27.2582,3.5877,4.0913,0.0,0.0928
27.2923,3.59,4.0878,0.0,0.1006
27.3259,3.5942,4.0964,0.0,0.0964
27.3609,3.5993,4.0955,0.0,0.1028
27.3921,3.6053,4.1064,0.0,0.1003
27.4288,3.6107,4.1289,0.0,0.0999
27.4584,3.6147,4.1404,0.0,0.1007
27.4928,3.6162,4.1426,0.0,0.1027
27.5251,3.6265,4.15,0.0,0.1032
27.5581,3.6269,4.1692,0.0,0.1237
27.5924,3.6358,4.1762,0.0,0.0989
27.6218,3.6491,4.2058,0.0,0.1095
27.6463,3.6772,4.2251,0.0,0.0991
27.6782,3.685,4.2331,0.0,0.1017
27.7126,3.6856,4.2369,0.0,0.0977
27.7432,3.6937,4.2482,0.0,0.1108
27.7798,3.6994,4.252,0.0,0.0962
27.8053,3.7255,4.2759,0.0,0.0953
27.8257,3.7589,4.3139,0.0,0.0888
27.8549,3.7715,4.3243,0.0,0.0944
27.88,3.7698,4.3422,0.0,0.1207
27.9128,3.7751,4.3483,0.0,0.1037
27.9465,3.7792,4.3529,0.0,0.1075
27.9799,3.7827,4.3681,0.0,0.0924
28.0142,3.7905,4.3728,0.0,0.0969
28.0473,3.7959,4.3778,0.0,0.1007
28.0796,3.8001,4.389,0.0,0.0964
28.1139,3.8054,4.3896,0.0,0.0996
28.1464,3.8126,4.3993,0.0,0.0909
28.1812,3.8178,4.401,0.0,0.1163
28.2163,3.8214,4.3999,0.0,0.1655
28.2577,3.8357,4.3983,0.0,0.0983
28.29,3.8406,4.4053,0.0,0.0974
28.3253,3.8488,4.4116,0.0,0.0916
28.3573,3.8505,4.4122,0.0,0.1006
28.3878,3.8594,4.4301,0.0,0.0977
28.4237,3.8602,4.4238,0.0,0.1158
28.4561,3.8704,4.4346,0.0,0.0961
28.4907,3.8776,4.4379,0.0,0.0917
28.523,3.8798,4.4424,0.0,0.0997
28.5576,3.8851,4.447,0.0,0.1003
28.589,3.8927,4.4607,0.0,0.0858
28.6244,3.8964,4.459,0.0,0.096
28.6598,3.9048,4.4643,0.0,0.0914
28.6905,3.9059,4.471,0.0,0.1021
28.7279,3.9134,4.4729,0.0,0.0936
28.7585,3.9151,4.4805,0.0,0.102
28.794,3.926,4.4867,0.0,0.098
28.8266,3.928,4.4897,0.0,0.1078
28.859,3.9369,4.4988,0.0,0.1001
28.893,3.944,4.508,0.0,0.091
28.9269,3.9415,4.507,0.0,0.0997
28.9601,3.953,4.5162,0.0,0.0919
28.9945,3.9546,4.5202,0.0,0.093
29.0247,3.9622,4.5322,0.0,0.1019
29.0613,3.9697,4.5309,0.0,0.0958
29.094,3.9698,4.5401,0.0,0.0936
29.1272,3.976,4.5459,0.0,0.0935
29.1628,3.98,4.5428,0.0,0.1089
29.193,3.9906,4.5568,0.0,0.106
29.2308,3.9942,4.5545,0.0,0.0999
29.2618,3.9993,4.5666,0.0,0.0973
29.2963,4.0024,4.5782,0.0,0.0943
29.3317,4.0105,4.5703,0.0,0.094
29.3616,4.0194,4.5829,0.0,0.0963
29.3984,4.0222,4.5809,0.0,0.1061
29.4283,4.0287,4.5989,0.0,0.0866
29.4608,4.034,4.6012,0.0,0.1114
29.4961,4.0361,4.6032,0.0,0.1099
29.5278,4.0459,4.6165,0.0,0.1015
29.566,4.0489,4.61,0.0,0.1018
29.5987,4.055,4.6181,0.0,0.1008
29.6337,4.0599,4.6216,0.0,0.0967
29.6681,4.0662,4.6251,0.0,0.112
29.701,4.0735,4.6391,0.0,0.0957
29.7313,4.0774,4.6463,0.0,0.1027
29.7684,4.0844,4.6497,0.0,0.0944
29.7967,4.0853,4.6548,0.0,0.0928
29.8326,4.0914,4.6601,0.0,0.0819
29.8661,4.0964,4.662,0.0,0.1003
29.9009,4.0996,4.6659,0.0,0.1
29.9328,4.107,4.6746,0.0,0.1019
29.9658,4.117,4.6836,0.0,0.0968
30.0008,4.1196,4.6863,0.0,0.0973
30.0353,4.1231,4.6893,0.0,0.1078
30.0682,4.1309,4.6987,0.0,0.0953
30.1005,4.1375,4.701,0.0,0.0985
30.1335,4.1416,4.7105,0.0,0.0978
30.1682,4.1446,4.7113,0.0,0.0995
30.2038,4.1499,4.7143,0.0,0.1182
30.2353,4.1542,4.7234,0.0,0.103
30.2694,4.1616,4.726,0.0,0.1072
30.3038,4.1662,4.7339,0.0,0.0902
30.337,4.1739,4.7376,0.0,0.0983
30.3719,4.18,4.7414,0.0,0.0995
30.403,4.1878,4.7542,0.0,0.0996
30.4344,4.1831,4.7515,0.0,0.108
30.4668,4.1886,4.7605,0.0,0.1027
30.5005,4.1907,4.7663,0.0,0.1004
30.5364,4.2003,4.7725,0.0,0.0969
30.5706,4.2055,4.7761,0.0,0.1019
30.6034,4.2154,4.8057,0.0,0.1058
30.6381,4.2202,4.8124,0.0,0.1004
30.6718,4.2236,4.8155,0.0,0.0974
30.7063,4.2342,4.8273,0.0,0.0915
30.7408,4.2323,4.8325,0.0,0.1218
30.7726,4.245,4.8423,0.0,0.1013
30.807,4.251,4.8497,0.0,0.1021
30.8409,4.2567,4.8537,0.0,0.0977
30.874,4.2574,4.8567,0.0,0.1063
30.9058,4.2633,4.8794,0.0,0.0761
30.9422,4.2665,4.8791,0.0,0.1164
30.9724,4.2759,4.9117,0.0,0.0974
31.009,4.2818,4.9096,0.0,0.0963
31.05,4.2851,4.9097,0.0,0.1019
31.0812,4.2898,4.9194,0.0,0.1106
31.1161,4.2935,4.9238,0.0,0.0983
31.3413,3.7147,4.6241,0.0,1.3275
31.4567,3.8442,4.4786,0.0,0.0943
31.4958,3.862,4.4899,0.0,0.0971
31.5362,3.8717,4.4962,0.0,0.0971
31.5734,3.884,4.5098,0.0,0.096
31.612,3.8954,4.5203,0.0,0.1013
31.6492,3.9039,4.5327,0.0,0.1164
31.6889,3.9192,4.5441,0.0,0.0965
31.7265,3.9289,4.557,0.0,0.0933
31.7625,3.9375,4.5717,0.0,0.0984
31.8024,3.9523,4.5827,0.0,0.0896
31.838,3.965,4.5958,0.0,0.1229
31.8772,3.9745,4.6066,0.0,0.0988
31.9153,3.9831,4.6168,0.0,0.3441
31.954,3.9989,4.6303,0.0,0.0962
31.9917,4.0086,4.6413,0.0,0.1228
32.0296,4.0167,4.6521,0.0,0.0985
32.0661,4.0279,4.6669,0.0,0.0993
32.1044,4.0373,4.6786,0.0,0.0908
32.1418,4.0456,4.6884,0.0,0.1045
32.1779,4.0569,4.7059,0.0,0.269
32.2152,4.0668,4.7187,0.0,0.1625
32.253,4.0758,4.7238,0.0,0.0977
32.2895,4.0839,4.7325,0.0,0.0934
32.3246,4.092,4.7385,0.0,0.0955
32.3597,4.0977,4.7442,0.0,0.0972
32.393,4.1045,4.7497,0.0,0.1099
32.4286,4.1085,4.7557,0.0,0.0983
32.4692,4.1284,4.7517,0.0,0.1079
32.5018,4.1366,4.7633,0.0,0.0961
32.5375,4.1398,4.7644,0.0,0.0986
32.5691,4.1444,4.7781,0.0,0.093
32.6029,4.1527,4.7784,0.0,0.1021
32.6376,4.1552,4.7844,0.0,0.0998
32.673,4.1591,4.7873,0.0,0.0989
32.7066,4.1691,4.7991,0.0,0.0913
32.7409,4.1713,4.7984,0.0,0.0977
32.774,4.1763,4.8033,0.0,0.101
32.8082,4.1794,4.8063,0.0,0.1003
32.8433,4.1852,4.8102,0.0,0.1013
32.876,4.1894,4.8159,0.0,0.1049
32.9086,4.1946,4.826,0.0,0.1004
32.9377,4.192,4.827,0.0,0.0992
32.9716,4.1915,4.838,0.0,0.0995
33.005,4.197,4.8442,0.0,0.2041
33.0455,4.216,4.8488,0.0,0.0876
33.0837,4.2197,4.8525,0.0,0.1003
33.1184,4.2225,4.8541,0.0,0.0995
33.1502,4.2306,4.8618,0.0,0.1011
33.1875,4.2349,4.8631,0.0,0.1004
33.2192,4.2396,4.8746,0.0,0.1121
33.2522,4.2461,4.8849,0.0,0.093
33.2844,4.2465,4.8856,0.0,0.0937
33.321,4.2586,4.8882,0.0,0.0984
33.3579,4.2614,4.8896,0.0,0.0966
33.3875,4.2667,4.8996,0.0,0.1027
33.4196,4.2635,4.9071,0.0,0.1
33.4527,4.2638,4.9099,0.0,0.1013
33.4867,4.2761,4.9197,0.0,0.1131
33.5268,4.2868,4.9148,0.0,0.1005
33.5581,4.296,4.9264,0.0,0.0969
33.5939,4.2994,4.9303,0.0,0.0942
33.6298,4.3043,4.9322,0.0,0.0888
33.6611,4.3089,4.9452,0.0,0.0987
33.6947,4.3141,4.9453,0.0,0.097
33.727,4.3162,4.9504,0.0,0.1277
33.7628,4.3271,4.9644,0.0,0.0885
33.7962,4.3298,4.9625,0.0,0.0917
33.8321,4.3326,4.9613,0.0,0.1007
33.8613,4.3318,4.9728,0.0,0.2251
33.8982,4.3394,4.9731,0.0,0.1487
33.9316,4.3538,4.9829,0.0,0.0958
33.9581,4.3785,5.0071,0.0,0.0919
33.9889,4.386,5.0149,0.0,0.105
34.0211,4.3943,5.0241,0.0,0.094
34.0576,4.4006,5.0282,0.0,0.0956
34.0874,4.4035,5.0343,0.0,0.1008
34.1257,4.4076,5.0343,0.0,0.0981
34.158,4.4103,5.0415,0.0,0.1182
34.191,4.4158,5.0523,0.0,0.0906
34.2249,4.4245,5.0581,0.0,0.0927
34.2574,4.4274,5.0638,0.0,0.0952
34.2932,4.4338,5.0633,0.0,0.1011
34.3257,4.4385,5.0731,0.0,0.0944
34.3599,4.4439,5.073,0.0,0.1005
34.3925,4.4118,5.0838,0.0,0.1051
34.4329,4.4508,5.083,0.0,0.0903
34.4655,4.4571,5.0895,0.0,0.0966
34.4997,4.4606,5.0933,0.0,0.0996
34.5329,4.4652,5.0976,0.0,0.1159
34.5674,4.4707,5.1066,0.0,0.091
34.6028,4.4807,5.1089,0.0,0.0999
34.6362,4.4823,5.1119,0.0,0.1031
34.6709,4.4864,5.1159,0.0,0.1162
34.7052,4.4959,5.1234,0.0,0.0968
34.74,4.4968,5.1256,0.0,0.1036
34.7725,4.5058,5.1512,0.0,0.0919
34.8061,4.5085,5.1509,0.0,0.0948
34.8443,4.5032,5.1511,0.0,0.1347
34.8834,4.515,5.1513,0.0,0.1007
34.9169,4.5383,5.1581,1e-05,12.9876
35.8901,1.7625,3.7555,5e-05,4.8653
36.5433,1.9427,2.638,0.0,0.3146
36.6144,1.9665,2.5946,0.0,0.0987
36.6541,1.9735,2.6043,0.0,0.0987
36.6975,1.9757,2.6063,0.0,0.093
36.74,1.9798,2.6086,0.0,0.1042
36.7801,1.9851,2.6183,0.0,0.0979
36.8242,1.9887,2.6204,0.0,0.0887
36.8664,1.9929,2.6253,0.0,0.0951
36.9101,1.9983,2.6244,0.0,0.0967
36.9528,2.0009,2.6304,0.0,0.0942
36.9937,2.0054,2.6341,0.0,0.0987
37.0372,2.0081,2.6348,0.0,0.1043
37.0798,2.0132,2.6391,0.0,0.2949
37.1211,2.0165,2.645,0.0,0.0999
37.1642,2.0207,2.6479,0.0,0.0965
37.2053,2.0234,2.6531,0.0,0.0958
37.2489,2.0282,2.6545,0.0,0.1002
37.29,2.0332,2.6623,0.0,0.0961
37.3327,2.0371,2.6675,0.0,0.0928
37.3736,2.0413,2.6711,0.0,0.1115
37.4171,2.0437,2.6714,0.0,0.1088
37.4581,2.05,2.68,0.0,0.1009
37.4996,2.0522,2.6858,0.0,0.0995
37.5435,2.0574,2.6843,0.0,0.1084
37.5855,2.0619,2.6894,0.0,0.1
37.628,2.0669,2.6943,0.0,0.1002
37.6687,2.0714,2.7012,0.0,0.103
37.7103,2.0733,2.704,0.0,0.1229
37.7539,2.0791,2.7068,0.0,0.095
37.7957,2.0823,2.7103,0.0,0.1051
37.8356,2.0882,2.724,0.0,0.0944
37.8779,2.0927,2.7234,0.0,0.0979
37.9214,2.0964,2.7238,0.0,0.1022
37.9636,2.1004,2.728,0.0,0.1076
38.0055,2.1041,2.7348,0.0,0.0987
38.0449,2.1091,2.7416,0.0,0.1148
38.0896,2.1134,2.7413,0.0,0.0997
38.1283,2.123,2.7526,0.0,0.1099
38.1707,2.1281,2.756,0.0,0.104
38.2139,2.132,2.7587,0.0,0.1014
38.2552,2.1368,2.7636,0.0,0.1
38.2929,2.1464,2.7796,0.0,0.0995
38.3359,2.1515,2.7815,0.0,0.0977
38.3785,2.1562,2.7822,0.0,0.1
38.4198,2.1594,2.788,0.0,0.102
38.4603,2.1654,2.7971,0.0,0.097
38.5041,2.1691,2.7967,0.0,0.0969
38.5439,2.1755,2.8051,0.0,0.0991
38.5866,2.1781,2.8102,0.0,0.0958
38.6284,2.1823,2.8126,0.0,0.1001
38.6699,2.1886,2.819,0.0,0.1018
38.7114,2.1901,2.8219,0.0,0.1082
38.7536,2.1956,2.8258,0.0,0.1108
38.7965,2.2006,2.8347,0.0,0.1068
38.8363,2.2044,2.8385,0.0,0.105
38.8799,2.2089,2.8379,0.0,0.1047
38.9206,2.2153,2.8461,0.0,0.0904
38.9643,2.2195,2.8471,0.0,0.1006
39.0046,2.2217,2.8535,0.0,0.1042
39.0464,2.2269,2.8611,0.0,0.0969
39.0885,2.2342,2.8627,0.0,0.0995
39.1307,2.2366,2.8658,0.0,0.097
39.172,2.2429,2.8709,0.0,0.0995
39.2132,2.2471,2.8788,0.0,0.1021
39.2494,2.2519,2.9002,0.0,0.0984
39.2919,2.25,2.9017,0.0,0.0937
39.3299,2.2616,2.9129,0.0,0.0994
39.3699,2.2625,2.9172,0.0,0.1109
39.4109,2.2655,2.9232,0.0,0.1138
39.4515,2.2701,2.9296,0.0,0.0993
39.4928,2.2744,2.9352,0.0,0.1236
39.5354,2.2798,2.9352,0.0,0.1244
39.5767,2.2848,2.9427,0.0,0.1163
39.6177,2.2882,2.9503,0.0,0.1071
39.6595,2.2965,2.9528,0.0,0.132
39.7071,2.2937,2.9416,0.0,0.1708
39.7406,2.3036,2.9682,0.0,0.1045
39.7826,2.3076,2.9705,0.0,0.1045
39.8292,2.3117,2.9704,0.0,0.0971
39.8731,2.3103,2.9674,0.0,0.0953
39.9187,2.3151,2.9591,0.0,0.1604
39.9494,2.33,2.994,0.0,0.0961
39.9993,2.324,2.974,0.0,0.1914
40.0348,2.3388,2.9964,0.0,0.1065
